Name,Quantity,Measurement,Ingredient
sesame tofu,2,blocks,tofu
sesame tofu,2,t,sesame oil
sesame tofu,2,T,soy sauce
sesame tofu,2,T,cornstarch
sesame tofu,1/2,c,soy sauce
sesame tofu,3,cloves,garlic
sesame tofu,1/4,c,maple syrup
sesame tofu,1-2,t,sriracha
sesame tofu,2,T,cornstarch
sesame tofu,1/4,c,water
sesame tofu,1,T,sesame oil
sesame tofu,1/4,c,rice vinegar
sesame tofu,4,c,rice
sesame tofu,,,sesame seeds
sesame tofu,,,broccoli
sesame tofu,,,zucchini
chickpea curry,1,,onion
chickpea curry,1,cloves,garlic
chickpea curry,1,t,ginger
chickpea curry,1,T,olive oil
chickpea curry,6,c,spinach
chickpea curry,28,oz,fire roasted tomatoes
chickpea curry,1,T,curry powder
chickpea curry,1,t,cumin
chickpea curry,1/2,t,coriander
chickpea curry,3/4,t,salt
chickpea curry,2,cans,chickpeas
chickpea curry,1/2,c,coconut milk
chickpea curry,1,c,white rice
quinoa burgers,1/4,c,quinoa
quinoa burgers,1/2,c,water
quinoa burgers,1,can,black beans
quinoa burgers,3,oz,tomato paste
quinoa burgers,1,t,paprika
quinoa burgers,1,t,onion powder
quinoa burgers,1/2,t,garlic powder
quinoa burgers,1/2,t,oregano
quinoa burgers,1/2,t,salt
quinoa burgers,1/2,t,pepper
quinoa burgers,1/3,c,bread crumbs (sub flour)
quinoa burgers,1,T,olive oil
thai green curry,3,T,curry paste
thai green curry,1,can,coconut milk
thai green curry,2,blocks,tofu
thai green curry,1/4,c,broth
thai green curry,2,T,fish sauce
thai green curry,2,t,brown sugar
thai green curry,1,T,lime juice
thai green curry,1,c,bell peppers
thai green curry,1,c,carrots
thai green curry,1/2,c,bamboo shoots
thai green curry,1,can,water chestnuts,
thai green curry,,, lime and basil leaves
chickpea gnocchi soup,2,T,olive oil
chickpea gnocchi soup,1,,onion
chickpea gnocchi soup,1,c,carrots
chickpea gnocchi soup,1,c,celery
chickpea gnocchi soup,6,cloves,garlic
chickpea gnocchi soup,2,t,thyme
chickpea gnocchi soup,1,t,oregano
chickpea gnocchi soup,1,t,sage
chickpea gnocchi soup,16,oz,gnocchi
chickpea gnocchi soup,2,c,spinach
chickpea gnocchi soup,1,t,vinegar
chickpea gnocchi soup,32,oz,vegetable broth
chickpea gnocchi soup,1,can,coconut milk
chickpea gnocchi soup,1,can,chickpeas
chickpea gnocchi soup,1,T,nutritional yeast
orange tofu,1,block,tofu
orange tofu,3/4,c,orange juice
orange tofu,1,t,orange zest
orange tofu,1,t,ginger
orange tofu,1,clove,garlic
orange tofu,2,T,brown sugar
orange tofu,2,T,soy sauce
orange tofu,1,T,vinegar
orange tofu,1,T,cornstarch
orange tofu,1,bell,pepper
orange tofu,4,c,rice
fried rice,1,block,EF tofu
fried rice,1,c,rice
fried rice,4,cloves,garlic
fried rice,1/2,c,peas
fried rice,1/2,c,carrots
fried rice,3,T,soy sauce
fried rice,1,T,peanut butter
fried rice,2,t,chili sauce
fried rice,1,t,sesame oil
rigatoni casserole,1,lb,rigatoni
rigatoni casserole,28,oz,pasta sauce
rigatoni casserole,1/3,c,lentils
rigatoni casserole,1,T,balsamic vinegar
rigatoni casserole,1,t,Italian seasoning
rigatoni casserole,2,cloves,garlic
rigatoni casserole,2,c,water
rigatoni casserole,7,oz,tofu
rigatoni casserole,1,T,olive oil
rigatoni casserole,1/2,t,garlic powder
rigatoni casserole,1/2,t,nutritional yeast
rigatoni casserole,3/4,t,salt
rigatoni casserole,1/4,t,onion powder
rigatoni casserole,1,t,lemon juice
rigatoni casserole,1/2,c,water
rigatoni casserole,2,t,flour
thai red curry casserole,4,T,red curry paste
thai red curry casserole,1,c,coconut milk
thai red curry casserole,1,c,vegetable broth
thai red curry casserole,1.5,T,soy sauce
thai red curry casserole,2,cloves,garlic
thai red curry casserole,1/4,t,salt
thai red curry casserole,125,g,carrot
thai red curry casserole,80,g,onion
thai red curry casserole,1,,bellpepper
thai red curry casserole,1,can,chickpeas
thai red curry casserole,180,g,broccoli
thai red curry casserole,1,c,rice
chickpea pasta salad,1/2,lb,pasta
chickpea pasta salad,15,oz,chickpeas
chickpea pasta salad,1.5,c,cherry tomatoes
chickpea pasta salad,1.5,c,cucumber
chickpea pasta salad,1/2,c,olives
chickpea pasta salad,1/2,c,corn
chickpea pasta salad,1/2,c,parsley
chickpea pasta salad,1,avocado,(optional)
chickpea pasta salad,4,T,olive oil
chickpea pasta salad,2,T,lemon juice
chickpea pasta salad,1,T,mustard
chickpea pasta salad,1,T,maple syrup
chickpea pasta salad,3/4,t,salt
chickpea pasta salad,1/4,t,pepper
chickpea pasta salad,1,t,cumin
chickpea pasta salad,1/2,t,garlic powder
protein lemon bars,1/2,c,protein powder
protein lemon bars,1/2,c,almond flour
protein lemon bars,1/2,t,baking soda
protein lemon bars,1/2,t,salt
protein lemon bars,3,T,butter
protein lemon bars,1-2,T,water
protein lemon bars,1/2,c,protein powder
protein lemon bars,3/4,c,sweetener
protein lemon bars,1/2,c,yogurt
protein lemon bars,3,T,cornstarch
protein lemon bars,1/2,c,water
protein lemon bars,1/3,c,lemon juice
protein lemon bars,1/2,t,vanilla
protein lemon bars,dash,turmeric,
pad thai,3,cloves,garlic
pad thai,1/2,,zucchini
pad thai,,,carrots
pad thai,1,large,broccoli
pad thai,20,g,brown sugar
pad thai,3,T,lime juice
pad thai,110,g,soy sauce
pad thai,30,g,brown sugar
pad thai,40,g,peanut butter
pad thai,5,g,sesame oil
pad thai,1,t,ginger
pad thai,1,t,pepper
pad thai,200,g,rice noodles
pad thai,30,g,chopped peanuts
pad thai,50,g,bean sprouts
pad thai,1/4,,lime
pasta with tofu & veggies,12,oz,pasta
pasta with tofu & veggies,4,c,pasta sauce
pasta with tofu & veggies,2,blocks,extra firm tofu
pasta with tofu & veggies,2,c,edamame
pasta with tofu & veggies,16,c,spinach
pasta with tofu & veggies,4,t,sunflower seeds
pasta with tofu & veggies,1/4,c,nutritional yeast
sweet chili tofu,1,1/2,c brown rice
sweet chili tofu,14,oz,lite coconut milk
sweet chili tofu,1,1/2,c water
sweet chili tofu,1,block,tofu
sweet chili tofu,1/2,c,sweet chili sauce
sweet chili tofu,2,c,frozen mango
sweet chili tofu,4,c,kale
sweet chili tofu,4,bell,peppers
drunken noodles,8,oz,wide rice noodles
drunken noodles,1/3,c,soy sauce
drunken noodles,3,T,oyster sauce
drunken noodles,1,T,fish sauce
drunken noodles,2,t,maple syrup
drunken noodles,2,T,sesame oil
drunken noodles,1,block,tofu
drunken noodles,2,,onion
drunken noodles,3,cloves,garlic
drunken noodles,2,,jalapenos
drunken noodles,4,,green onions
drunken noodles,1,,zucchini
drunken noodles,1,,red bell pepper
drunken noodles,1,bag,matchstick carrots
drunken noodles,1,cup,Thai basil
spicy tofu & brussels,1,block,tofu
spicy tofu & brussels,2,T,sesame oil
spicy tofu & brussels,1,bell,pepper
spicy tofu & brussels,1/4,lb,sprouts
spicy tofu & brussels,2,T,cilantro
spicy tofu & brussels,1/4,c,peanuts
spicy tofu & brussels,2,t,sesame seeds
spicy tofu & brussels,3,T,soy sauce
spicy tofu & brussels,1,1/2,T maple syrup
spicy tofu & brussels,1,T,lime juice
zucchini stir fry,1,block,tofu
zucchini stir fry,4,cloves,garlic
zucchini stir fry,2,zucchini,
zucchini stir fry,3,c,carrots
zucchini stir fry,1,bell,pepper
zucchini stir fry,2,T,sesame oil
zucchini stir fry,2,T,soy sauce
zucchini stir fry,1/2,t,ginger powder
zucchini stir fry,1,T,rice vinegar
zucchini stir fry,2,t,cornstarch
hot and sour soup,2,c,broth
hot and sour soup,1,c,water
hot and sour soup,1/2,block,tofu
hot and sour soup,4,oz,bamboo shoots
hot and sour soup,3,T,soy sauce
hot and sour soup,3,T,rice vinegar
hot and sour soup,1,T,hoisin
hot and sour soup,1/2,t,chili garlic
hot and sour soup,1/8,t,white pepper
hot and sour soup,3,T,cornstarch
hot and sour soup,3,T,water
mediterranean bowl,1/4,c,quinoa
mediterranean bowl,1/2,c,spinach
mediterranean bowl,1/4,c,cherry tomato
mediterranean bowl,1/4,English,cucumber
mediterranean bowl,1/4,c,chickpeas
mediterranean bowl,2,T,olives
mediterranean bowl,,,parsley
mediterranean bowl,2,T,hummus
shepherds pie,3,,potatoes
shepherds pie,4,cloves,garlic
shepherds pie,1/2,c,milk
shepherds pie,2,T,butter
shepherds pie,1/2,t,salt
shepherds pie,1/2,t,pepper
shepherds pie,1,T,oil
shepherds pie,1,,carrot
shepherds pie,2,,celery
shepherds pie,1/2,,onion
shepherds pie,2,cloves,garlic
shepherds pie,1,c,lentils
shepherds pie,1 3/4,c, vegetable broth
sushi,2,c,uncooked rice
sushi,1/4,c,soy sauce
sushi,2,T,maple syrup
sushi,1,T,cornstarch
sushi,1/2,t,ginger
sushi,1,t,garlic
sushi,2,T,water
sushi,1,T,sesame oil
sushi,1/2,block,tofu
sushi,1,carrot,
sushi,1/2,cucumber,
sushi,1,avocado,
sushi,Nori,sheets,
sushi,2,T,rice vinegar
sushi,2,T,white wine vinegar
buffalo wraps,1,block,extra firm tofu
buffalo wraps,1/2,c,buffalo sauce
buffalo wraps,,,cornstarch
buffalo wraps,,,tortillas
buffalo wraps,,,lettuce
buffalo wraps,,,pickles
chickpea stew,1,T,oil
chickpea stew,1,red,onion
chickpea stew,2,cloves,garlic
chickpea stew,1/2,finger,ginger
chickpea stew,2,red,chilies
chickpea stew,1/2,t,turmeric
chickpea stew,3/4,t,garam masala
chickpea stew,1,t,cumin
chickpea stew,4,"tomatoes,",chopped
chickpea stew,2,t,tomato puree
chickpea stew,1,can,chickpeas
chickpea stew,200,g,spinach
noah ramen,1,block,tofu
noah ramen,,,ramen noodles
noah ramen,,,ramen broth
noah ramen,,,sage
noah ramen,,,curry powder
noah ramen,,,cayenne
noah ramen,,,cornstarch
noah ramen,,,sesame,seeds
noah ramen,,,bok choy
noah ramen,,,spinach
noah ramen,,,matchstick carrots
noah ramen,,,onion
chickpea salad wrap,2,(15,oz) cans chickpeas
chickpea salad wrap,1,c,chopped celery
chickpea salad wrap,4,T,chopped onion
chickpea salad wrap,6,T,chopped pickle
chickpea salad wrap,2,T,"dill, minced"
chickpea salad wrap,2,cloves,garlic
chickpea salad wrap,1,t,mustard
chickpea salad wrap,4,T,lemon juice
chickpea salad wrap,1/2,c,sunflower seeds
chickpea salad wrap,4,wraps,
baked spaghetti,1,block,silken tofu
baked spaghetti,1/4,c,lime juice
baked spaghetti,1/4,c,nutritional yeast
baked spaghetti,3,T,olive oil
baked spaghetti,1,t,salt
baked spaghetti,1/4,t,onion powder
baked spaghetti,1/4,t,garlic powder
baked spaghetti,1/4,t,pepper
baked spaghetti,16,oz,spaghetti
baked spaghetti,8,oz,bella mushrooms
baked spaghetti,3,T,olive oil
baked spaghetti,3-4,oz,spinach
baked spaghetti,24,oz,marinara
baked spaghetti,3/4,c,lentils
baked spaghetti,1/4,t,red pepper
baked spaghetti,1/4,c,cornstarch
baked spaghetti,3,T,water
lebanese stew,5,cloves,garlic
lebanese stew,1,T,cumin
lebanese stew,2,T,olive oil
lebanese stew,2,T,tomato paste
lebanese stew,1,t,paprika
lebanese stew,3,c,chickpeas
lebanese stew,2-3,T,za’atar
lebanese stew,2-3,bay,leaves
lebanese stew,1,bell,pepper
lebanese stew,salt,and,parsley
falafel,2,(15,oz) cans chickpeas
falafel,8,cloves,garlic
falafel,4,T,raw cashews
falafel,3/4,c,parsley
falafel,1,T,cumin
falafel,1/2,t,salt
falafel,3-6,T,flour
hummus,15,oz,chickpeas
hummus,1/4,c,lemon juice
hummus,1/4,c,tahini
hummus,1,clove,garlic
hummus,2,T,olive oil
hummus,1/2,t,cumin
hummus,,,salt
hummus,2-3,T,water/aquafaba
hummus,,,paprika
quinoa casserole,1,c,"quinoa, uncooked"
quinoa casserole,2,t,garlic powder
quinoa casserole,1,t,red pepper
quinoa casserole,1/2,t,paprika
quinoa casserole,1/2,c,nutritional yeast
quinoa casserole,2,c,broth
quinoa casserole,1/2,c,cashews
quinoa casserole,3,c,broccoli
quinoa crusted tofu parm,2,blocks,extra firm tofu
quinoa crusted tofu parm,1,c,flour
quinoa crusted tofu parm,1,t,salt/pepper
quinoa crusted tofu parm,1,t,Italian seasoning
quinoa crusted tofu parm,1,c,milk
quinoa crusted tofu parm,4,c,cooked quinoa
quinoa crusted tofu parm,1,c,tomato sauce
quinoa crusted tofu parm,,,basil
quinoa crusted tofu parm,cashew,sauce,
quinoa crusted tofu parm,1,c,cashews
quinoa crusted tofu parm,1/2,c,water
quinoa crusted tofu parm,juice,from,1/2 lemon
quinoa crusted tofu parm,1,t,apple cider vinegar
quinoa crusted tofu parm,1/4,c,nutritional yeast
quinoa crusted tofu parm,1,clove,garlic
broccoli potato soup,1,onion,
broccoli potato soup,3,cloves,garlic
broccoli potato soup,2,lb,potatoes
broccoli potato soup,3,T,olive oil
broccoli potato soup,4,c,vegetable broth
broccoli potato soup,1/2,c,cashews or 1 can chickpeas
broccoli potato soup,1,t,salt
broccoli potato soup,1,lb,broccoli
broccoli potato soup,1,large,carrot
broccoli potato soup,1,t,thyme
broccoli potato soup,3/4,t,dill
broccoli potato soup,2,t,white wine vinegar
broccoli potato soup,1,t,mustard
lentil bolognese pasta,1/2,onion,
lentil bolognese pasta,4,cloves,garlic
lentil bolognese pasta,2,t,oregano
lentil bolognese pasta,1/2,salt/red,pepper
lentil bolognese pasta,2,T,tomato paste
lentil bolognese pasta,3,c,broth
lentil bolognese pasta,1,c,tomato sauce
lentil bolognese pasta,2,T,balsamic vinegar
lentil bolognese pasta,16,oz,pasta
lentil bolognese pasta,1,c,lentils
lentil bolognese pasta,6,c,broccoli
lentil bolognese pasta,4,T,nutritional yeast
slow cooker tempeh chili,630,g,tempeh
slow cooker tempeh chili,2,large,onions
slow cooker tempeh chili,4,large,carrots
slow cooker tempeh chili,1,bell,pepper
slow cooker tempeh chili,6,cloves,garlic
slow cooker tempeh chili,2,cans,kidney beans
slow cooker tempeh chili,2,cans,black beans
slow cooker tempeh chili,2,cans,fire roasted tomatoes
slow cooker tempeh chili,4,T,chili powder
slow cooker tempeh chili,2,t,garlic powder
slow cooker tempeh chili,2,t,cumin
slow cooker tempeh chili,4,t,chipotle powder
slow cooker tempeh chili,2,t,salt and pepper
slow cooker tempeh chili,7,T,cilantro
slow cooker tempeh chili,500,g,cherry tomatoes
stuffing,1/4,c,butter
stuffing,2,stalks,celery
stuffing,1,onion,
stuffing,2.5,c,vegetable broth
stuffing,1,package,stuffing
loaded sweet potatoes,4,sweet,potatoes
loaded sweet potatoes,1,c,onion
loaded sweet potatoes,2,cloves,garlic
loaded sweet potatoes,1,block,tofu
loaded sweet potatoes,1,T,taco seasoning
loaded sweet potatoes,1,c,"tomato, diced"
loaded sweet potatoes,1,c,"lettuce, chopped"
loaded sweet potatoes,4-8,T,cilantro
loaded sweet potatoes,1,lime,
loaded sweet potatoes,1,c,black beans
loaded sweet potatoes,1,c,salsa
chai sugar cookies,1/2,c,unsalted butter
chai sugar cookies,1/2,c,vegetable oil
chai sugar cookies,1/2,c,sugar
chai sugar cookies,1/2,c,powdered sugar
chai sugar cookies,1,T,flaxseed + 3 T water
chai sugar cookies,2,t,vanilla
chai sugar cookies,2,c,flour
chai sugar cookies,1/2,t,baking soda
chai sugar cookies,1/2,t,salt
chai sugar cookies,2-4,chai,tea bags
chai sugar cookies,1,1/2,c powdered sugar
chai sugar cookies,1/4,t,nutmeg
chai sugar cookies,3,T,eggnog or milk
pumpkin pudding,1,c,pumpkin puree
pumpkin pudding,1/2,c,coconut milk
pumpkin pudding,1/4,c,maple syrup
pumpkin pudding,2,T,almond butter
pumpkin pudding,1,1/2,t cinnamon
pumpkin pudding,1,1/2,t vanilla
pumpkin pudding,1/4,t,sea salt
pumpkin pudding,1/2,c,"pecans, toasted"
pumpkin pudding,coconut,whip,
granola balls,1,c,peanut butter
granola balls,2/3,c,maple syrup
granola balls,1,t,vanilla
granola balls,1/2,t,salt
granola balls,2,1/2,c oats
granola balls,1/3,c,chocolate chips
granola balls,3,T,peanuts/cashews
chocolate chip cookies,1,c,flour
chocolate chip cookies,1/2,t,baking soda
chocolate chip cookies,1/4,t,salt
chocolate chip cookies,1/4,c,sugar
chocolate chip cookies,1/4,c,brown sugar
chocolate chip cookies,1/3,c,chocolate chips
chocolate chip cookies,2,T,almond milk
chocolate chip cookies,2,T,oil or melted butter
chocolate chip cookies,1/4,t,vanilla
banana protein bars,2c,oat,flour
banana protein bars,½,c,almond flour
banana protein bars,½,c,protein powder
banana protein bars,1t,cinnamon,
banana protein bars,¼,c,almond butter
banana protein bars,½,c,maple syrup
banana protein bars,1,small,banana
banana protein bars,¼,c,chopped nuts
banana protein bars,1T,milk,
falafel burrito,1,onion,
falafel burrito,2c,carrots,
falafel burrito,1,red,bell pepper
falafel burrito,15,oz,chickpeas
falafel burrito,1,¼,t salt
falafel burrito,3t,garlic,powder
falafel burrito,2t,cumin,
falafel burrito,1t,coriander,
falafel burrito,½,t,chili powder
falafel burrito,olive,oil,
falafel burrito,½,c,parsley
falafel burrito,½,c,cilantro
falafel burrito,½,lemon,
falafel burrito,¾,c,hummus
falafel burrito,5,tortillas,
chia seed pudding,⅓,c,chia seeds
chia seed pudding,1,¼,c almond milk
chia seed pudding,1T,maple,syrup
chia seed pudding,1t,vanilla,
overnight oats,½,c,old fashioned oats
overnight oats,½,c,milk
overnight oats,¼,c,yogurt or milk
overnight oats,1-2,t,maple syrup
overnight oats,pinch,salt,
overnight oats,1t,chia,seeds (optional)
overnight oats,½,t,vanilla (optional)
overnight oats,topping,of,choice
carrot cake oats,2c,oats,
carrot cake oats,4T,chia,seeds
carrot cake oats,8T,hemp,seeds
carrot cake oats,8T,carrot,
carrot cake oats,2t,cinnamon,
carrot cake oats,1t,ginger,
carrot cake oats,2t,vanilla,
carrot cake oats,4T,maple,syrup
carrot cake oats,1c,Greek,yogurt
carrot cake oats,2,⅔,c vanilla soy milk
tofu scramble,2,blocks,firm tofu
tofu scramble,1,cup,onion
tofu scramble,2T,yeast,
tofu scramble,2t,garlic,powder
tofu scramble,1t,paprika,
tofu scramble,2t,turmeric,
tofu scramble,½,t,pepper
tofu scramble,8,slices,bread
tofu scramble,1,bell,pepper
tofu scramble,2,cups,greens
kristi breakfast burritos,1,block,extra firm tofu
kristi breakfast burritos,1,onion,
kristi breakfast burritos,3,cloves,garlic
kristi breakfast burritos,1c,potato,
kristi breakfast burritos,15,oz,black beans
kristi breakfast burritos,1c,salsa,
kristi breakfast burritos,¼,c,nutritional yeast
kristi breakfast burritos,2t,chili,powder
kristi breakfast burritos,1,½,t cumin
kristi breakfast burritos,1,t,salt
kristi breakfast burritos,¾,t,turmeric
kristi breakfast burritos,½,t,pepper
kristi breakfast burritos,¼,t,cayenne pepper
kristi breakfast burritos,2c,spinach,
tofu breakfast sandwich,1,block,extra firm tofu
tofu breakfast sandwich,1,tomato,
tofu breakfast sandwich,1,avocado,
tofu breakfast sandwich,2T,soy,sauce
tofu breakfast sandwich,2T,water,
tofu breakfast sandwich,2T,oil,
tofu breakfast sandwich,1T,nutritional,yeast
tofu breakfast sandwich,½,t,garlic powder
tofu breakfast sandwich,½,t,onion powder
tofu breakfast sandwich,½,t,turmeric
tofu breakfast sandwich,¼,t,pepper
tofu breakfast sandwich,,,bread
biscuit veggie pot pie,1,can,biscuits
biscuit veggie pot pie,1/4,c,butter
biscuit veggie pot pie,1,,onion
biscuit veggie pot pie,1,,carrots
biscuit veggie pot pie,2,,celery
biscuit veggie pot pie,1,c,mushrooms
biscuit veggie pot pie,3,cloves,garlic
biscuit veggie pot pie,1/3,c,flour
biscuit veggie pot pie,1,t,salt
biscuit veggie pot pie,1/2,t,pepper
biscuit veggie pot pie,1,t,thyme
biscuit veggie pot pie,2,c,vegetable broth
biscuit veggie pot pie,1/2,c,milk
biscuit veggie pot pie,2,c,frozen veggies
biscuit veggie pot pie,2,t,dried parsley
protein cheesecake bars,½,c,protein powder
protein cheesecake bars,½,c,almond flour + 1 T butter (optional)
protein cheesecake bars,½,t,baking soda
protein cheesecake bars,½,t,salt
protein cheesecake bars,3,T,butter
protein cheesecake bars,1-2,T,water
protein cheesecake bars,½,c,protein powder
protein cheesecake bars,2,pack,cheesecake pudding mix
protein cheesecake bars,2½,c,milk (soy/almond)
french toast casserole,400g,stale,bread
french toast casserole,1c,applesauce,
french toast casserole,2T,butter,or coconut oil
french toast casserole,1½,c,almond milk
french toast casserole,⅓,c,sugar
french toast casserole,3T,cornstarch,
french toast casserole,1,t,cinnamon
french toast casserole,½,t,nutmeg
french toast casserole,1t,vanilla,
french toast casserole,pinch,of,salt
breakfast casserole,1,can,chickpeas
breakfast casserole,1,bell,pepper
breakfast casserole,1,cup,spinach
breakfast casserole,¾,c,shredded cheese
breakfast casserole,2,blocks,extra firm tofu
breakfast casserole,1,c,+ 2 T flour
breakfast casserole,¼,c,nutritional yeast
breakfast casserole,1,T,soy sauce
breakfast casserole,1,t,thyme
breakfast casserole,1,t,turmeric
breakfast casserole,½,t,pepper
white gravy,5,T,butter
white gravy,1/4,c,flour
white gravy,2,cups,milk
white gravy,1,t,pepper
white gravy,1/2,t,seasoned salt
white gravy,1,can,chickpeas 
poke bowl,1c,brown,rice
poke bowl,2T,rice,vinegar
poke bowl,½,t,salt
poke bowl,¼,t,pepper
poke bowl,2,blocks,extra-firm tofu
poke bowl,¼,c,soy sauce
poke bowl,1t,sriracha,
poke bowl,1t,lime,juice
poke bowl,½,t,ginger
poke bowl,4c,spring,mix
poke bowl,2,medium,carrots
poke bowl,1,cucumber,
poke bowl,2c,red,cabbage
poke bowl,1,avocado,
poke bowl,1,nori,sheet
poke bowl,2T,soy,sauce
poke bowl,1T,rice,vinegar
poke bowl,1T,water,
poke bowl,1T,peanut,butter
poke bowl,½,t,hot sauce
poke bowl,¼,t,ginger
tofu sausage gravy,2,T,soy sauce
tofu sausage gravy,2,T,water
tofu sausage gravy,1,T,nutritional yeast
tofu sausage gravy,¼,t,paprika
tofu sausage gravy,½,t,oregano
tofu sausage gravy,½,t,garlic powder
tofu sausage gravy,1,t,chili powder
tofu sausage gravy,2,T,oil
tofu sausage gravy,19,oz,(extra) firm tofu
tofu sausage gravy,4,T,flour
tofu sausage gravy,1,c,water
tofu sausage gravy,1,c,soy milk
tofu sausage gravy,1,T,butter
tofu sausage gravy,,,salt/pepper
noah stir fry,3,T,soy sauce
noah stir fry,3,T,oyster sauce (or hoisin)
noah stir fry,2,T,rice vinegar
noah stir fry,2,t,maple syrup
noah stir fry,1,T,cornstarch
noah stir fry,2,T,green onion
noah stir fry,1,t,sesame seeds
noah stir fry,1,½,c soba noodles
noah stir fry,1,½,T avocado oil
noah stir fry,1,medium,onion
noah stir fry,2,large,garlic cloves
noah stir fry,1,red,bell pepper
noah stir fry,1,cup,zucchini (half moon)
noah stir fry,1,head,of broccoli
noah stir fry,1,small,carrot
noah stir fry,⅓,cup,water
noah stir fry,1,green,bell pepper
noah stir fry,2,blocks,tofu
silken tofu tiramisu,4t,instant,coffee
silken tofu tiramisu,4T,hot,water
silken tofu tiramisu,60,g,oats
silken tofu tiramisu,Cocoa,powder,
silken tofu tiramisu,Coconut,flakes,
silken tofu tiramisu,600g,silken,tofu
silken tofu tiramisu,80g,sugar,
silken tofu tiramisu,2t,vanilla,
silken tofu tiramisu,⅛,t,salt
tvp burgers,2c,TVP,
tvp burgers,220,g,chopped onion
tvp burgers,2,T,garlic
tvp burgers,1c,kidney,beans
tvp burgers,1,½,T onion powder
tvp burgers,1,½,T chili powder
tvp burgers,2T,Italian,seasoning
tvp burgers,2,t,iodized salt
tvp burgers,½,c,nutritional yeast
tvp burgers,3,T,balsamic vinegar
tvp burgers,½,c,vital wheat gluten
tvp burgers,,,buns
tvp burgers,,,ketchup
tvp burgers,,,tomato
tvp burgers,baby,kale,
protein pancakes,340,g,silken tofu
protein pancakes,1,½,c unsweetened milk
protein pancakes,2,T,maple syrup
protein pancakes,2,t,vanilla extract
protein pancakes,2,t,lemon juice
protein pancakes,3,½,c spelt flour
protein pancakes,2,t,baking powder
protein pancakes,1,t,baking soda
protein pancakes,1,t,cinnamon
protein pancakes,¼,t,iodized salt
protein pancakes,240,g,yogurt
protein pancakes,2c,frozen,blueberries
protein pancakes,2T,hemp,seeds
veggie lo mein,8,oz,spaghetti
veggie lo mein,1,T,oil
veggie lo mein,1,red,bell pepper
veggie lo mein,1,cup,shredded carrots
veggie lo mein,3,cloves,garlic
veggie lo mein,3,cups,broccoli florets
veggie lo mein,1,cup,snow peas
veggie lo mein,¼,t,salt
veggie lo mein,Sliced,green,onions
veggie lo mein,⅓,cup,soy sauce
veggie lo mein,1,T,ginger
veggie lo mein,1,T,agave/maple
veggie lo mein,1,T,sesame oil
veggie lo mein,2,t,sriracha
buttermilk biscuits,1,cup,soy milk
buttermilk biscuits,1,tablespoon,apple cider vinegar
buttermilk biscuits,2.5,cups,flour
buttermilk biscuits,2,tablespoons,baking powder
buttermilk biscuits,2,teaspoons,sugar
buttermilk biscuits,1,teaspoon,salt
buttermilk biscuits,0.5,cup,butter
chickpea noodle soup,2,tablespoons,extra virgin olive oil
chickpea noodle soup,1,small,"onion, chopped"
chickpea noodle soup,1,"shallot,",chopped
chickpea noodle soup,2,stalks,"celery, chopped"
chickpea noodle soup,2,"carrots,",sliced into ¼ inch rounds
chickpea noodle soup,Salt,and,"pepper, to taste"
chickpea noodle soup,3,cloves,"garlic, minced"
chickpea noodle soup,15.5,oz,"chickpeas, drained and rinsed"
chickpea noodle soup,2,bay,leaves
chickpea noodle soup,2,sprigs,fresh rosemary
chickpea noodle soup,4,cups,vegetable broth
chickpea noodle soup,2,cups,cold water
chickpea noodle soup,2,strips,lemon peel
chickpea noodle soup,6,oz,pasta
chickpea noodle soup,3,tablespoons,yellow miso
chickpea noodle soup,Red,pepper,"flakes, to taste"
chickpea noodle soup,Dill,and,"lemon wedges, for garnish"
tofu & kale stir fry,2,blocks,tofu
tofu & kale stir fry,1,tablespoon,curry powder
tofu & kale stir fry,2,tablespoons,soy sauce
tofu & kale stir fry,½,red,cabbage
tofu & kale stir fry,6-8,kale,leaves
tofu & kale stir fry,2,carrots,
tofu & kale stir fry,2,cloves,garlic
tofu & kale stir fry,2,inches,ginger
tofu & kale stir fry,4,tablespoons,soy sauce
tofu & kale stir fry,4,portions,of noodles
breakfast hash,3,medium,potatoes
breakfast hash,1,yellow,onion
breakfast hash,1,bell,pepper
breakfast hash,1,zucchini,
breakfast hash,8,oz,mushrooms
breakfast hash,½,teaspoon,garlic powder
breakfast hash,½,teaspoon,cumin powder
breakfast hash,½,teaspoon,smoked paprika
breakfast hash,Salt,and,pepper
breakfast hash,Optional:,2-3,tablespoons oil
mediterranean zoodles,2,,zucchini
mediterranean zoodles,1,teaspoon,olive oil
mediterranean zoodles,4,cloves,garlic
mediterranean zoodles,10,oz,cherry tomatoes
mediterranean zoodles,0.5,cup,artichoke hearts
mediterranean zoodles,0.25,cup,sun-dried tomatoes
mediterranean zoodles,4,oz,plain hummus
mediterranean zoodles,1,teaspoon,oregano
mediterranean zoodles,0.5,teaspoon,red wine vinegar
protein bagels,2,cups,flour
protein bagels,0.25,teaspoon,salt
protein bagels,2,teaspoons,baking powder
protein bagels,1.5,cups,Greek yogurt
sausage,1,cup,cooked quinoa
sausage,1,can,pinto beans
sausage,2,cups,sliced cremini mushrooms
sausage,2,tablespoons,soy sauce
sausage,1,tablespoon,thyme/rosemary/sage
sausage,½,teaspoon,fennel seeds
sausage,1,pitted,date
sausage,⅔,cup,raw pecans
sausage,½,teaspoon,salt
sausage,½,teaspoon,pepper
sausage,4,cloves,garlic
sausage,2,teaspoons,smoked paprika
sausage,¼,teaspoon,cayenne
sausage,,,Oil
baked oatmeal,1,ripe,"banana, smashed"
baked oatmeal,1,cup,almond milk
baked oatmeal,1/4,cup,almond butter
baked oatmeal,1/4,cup,maple syrup
baked oatmeal,1/4,cup,melted coconut oil
baked oatmeal,1,teaspoon,baking powder
baked oatmeal,1,teaspoon,cinnamon
baked oatmeal,1/2,teaspoon,sea salt
baked oatmeal,2,cups,whole rolled oats
baked oatmeal,1,cup,chopped pecans
baked oatmeal,1,cup,blueberries
baked oatmeal,2,tablespoons,brown sugar
baked oatmeal,2,tablespoons,coconut flakes
breakfast casserole,1,tablespoon,olive oil
breakfast casserole,½,"onion,",sliced
breakfast casserole,1,bell,"pepper, diced"
breakfast casserole,8,oz,"mushrooms, sliced"
breakfast casserole,14,oz,sausage
breakfast casserole,2,cups,greens (kale/spinach)
breakfast casserole,8,oz,crescent roll
breakfast casserole,1,cup,shredded cheese
breakfast casserole,2,blocks,tofu
breakfast casserole,¼,cup,nutritional yeast
breakfast casserole,¼,cup,milk
breakfast casserole,⅛,teaspoon,salt
breakfast casserole,⅛,teaspoon,pepper
breakfast casserole,⅛,teaspoon,garlic powder
breakfast casserole,⅛,teaspoon,paprika
breakfast casserole,⅛,teaspoon,black salt
potato salad,½,cup,vegan mayo
potato salad,1-2,tablespoons,mustard
potato salad,2,teaspoons,apple cider vinegar
potato salad,¼,teaspoon,celery seed
potato salad,Salt,and,pepper
potato salad,2,½,lbs. Yukon potatoes
potato salad,½,cup,celery
potato salad,½,cup,green onions
potato salad,⅓,cup,sweet relish
potato salad,1,cup,chickpeas
vegan mayo,½,block,silken tofu
vegan mayo,⅓,cup,oil
vegan mayo,1,tablespoon,lemon juice
vegan mayo,1,teaspoon,apple cider vinegar
vegan mayo,¼,teaspoon,salt
vegan mayo,¼,teaspoon,Dijon mustard
oat balls,3,cups,oats
oat balls,1,cup,Biscoff cookie butter
oat balls,1,cup,mini chocolate chips
oat balls,⅔,cup,agave
pumpkin pancakes,1,tablespoon,flaxseed + 3 tablespoons water
pumpkin pancakes,1,½,cups (180 g) flour
pumpkin pancakes,2,tablespoons,sugar
pumpkin pancakes,2,teaspoons,baking powder
pumpkin pancakes,½,teaspoon,baking soda
pumpkin pancakes,1,teaspoon,cinnamon/pumpkin spice
pumpkin pancakes,¼,teaspoon,sea salt
pumpkin pancakes,½,cup,pumpkin puree
pumpkin pancakes,1,cup,+ 3 tablespoons almond milk
pumpkin pancakes,2,tablespoons,coconut oil
pumpkin pancakes,1,½,teaspoons vanilla
baked mac and cheese,2,butternut,squash
baked mac and cheese,4,teaspoons,olive oil
baked mac and cheese,8,teaspoons,sage
baked mac and cheese,400,g,pasta
baked mac and cheese,3,tablespoons,butter
baked mac and cheese,3,tablespoons,flour
baked mac and cheese,2,cups,almond milk
baked mac and cheese,80,g,cheese
baked mac and cheese,¼,teaspoon,pepper
baked mac and cheese,1,teaspoon,"chili powder, onion, garlic powder, paprika"
baked mac and cheese,2,teaspoons,lemon juice
baked mac and cheese,2,teaspoons,sage
baked mac and cheese,5,tablespoons,ground almonds
baked mac and cheese,4,tablespoons,nutritional yeast
chickpeas & dumplings,1,tablespoon,olive oil
chickpeas & dumplings,1,,onion
chickpeas & dumplings,2,,carrots
chickpeas & dumplings,2,,celery
chickpeas & dumplings,1/4,cup,flour
chickpeas & dumplings,1,teaspoon,poultry seasoning
chickpeas & dumplings,1/2,teaspoon,salt
chickpeas & dumplings,4,cups,vegetable broth
chickpeas & dumplings,1,can,chickpeas
chickpeas & dumplings,1,cup,frozen peas
chickpeas & dumplings,1,cup,coconut milk
chickpeas & dumplings,2,cups,flour
chickpeas & dumplings,1,tablespoon,baking powder
chickpeas & dumplings,1,teaspoon,salt
chickpeas & dumplings,1/2,teaspoon,poultry seasoning
chickpeas & dumplings,3/4,cup,coconut milk
chickpeas & dumplings,1/4,cup,olive oil
banana pancakes,1,,banana
banana pancakes,1,cup,soy milk
banana pancakes,2,tablespoons,olive oil
banana pancakes,2,tablespoons,sugar
banana pancakes,1,teaspoon,vanilla
banana pancakes,1.5,cup,flour
banana pancakes,1,tablespoon,baking powder
banana pancakes,0.5,teaspoon,salt
banana pancakes,0.5,teaspoon,cinnamon
new breakfast burrito,1/3,c,milk
new breakfast burrito,1,T,butter
new breakfast burrito,1/2,,onion
new breakfast burrito,1,t,turmeric
new breakfast burrito,1,block,tofu
new breakfast burrito,0.5,t,black salt
new breakfast burrito,1,T,soy sauce
new breakfast burrito,1,t,garlic powder
new breakfast burrito,1,t,onion powder
new breakfast burrito,2,T,nutritional yeast
new breakfast burrito,1,T,olive oil
new breakfast burrito,1,lb,frozen diced potatoes
new breakfast burrito,1,c,spinach
new breakfast burrito,1,can,black beans
new breakfast burrito,1,c,cheese
new breakfast burrito,1,c,salsa
new breakfast burrito,5,,tortillas
lady fingers,2,c,flour
lady fingers,2,T,cornstarch
lady fingers,1,t,baking powder
lady fingers,0.5,c,aquafaba
lady fingers,1.16,c,caster sugar
lady fingers,1,t,vanilla
lady fingers,0.25,c,vegetable oil
lady fingers,2,T,confectioners sugar
tirimisu,2,shots,espresso
tirimisu,2,T,rum
tirimisu,6,T,confectioners sugar
tirimisu,12,,lady fingers
tirimisu,12,T,butter
tirimisu,1,block,silken tofu
tirimisu,120,g,yogurt
tirimisu,0.5,c,caster sugar
tirimisu,1,t,vanilla
tirimisu,2,T,cocoa powder
tirimisu,20,g,dark chocolate
tofu rigatoni,1,blocks,tofu
tofu rigatoni,2,cans,petite diced tomatoes
tofu rigatoni,1,,onion
tofu rigatoni,1,,green pepper
tofu rigatoni,0.25,t,cinnamon
tofu rigatoni,1,boxes,rigatoni
tofu rigatoni,1,pinch,sugar
yum bowl, .75,cup,chickpeas
yum bowl, .5,cup, canola oil
yum bowl, .5, cup, almond flour
yum bowl,.33, cup, lemon juice 
yum bowl,.33, cup,silken tofu
yum bowl, .25, cup, nutritional yeast
yum bowl, 2, cloves, garlic
yum bowl, 1.5, teaspoons, curry powder
yum bowl,1, teaspoon, salt
yum bowl,1, teaspoon, cumin
yum bowl,1, teaspoon, oregano
yum bowl,1, teaspoon, dried cilantro
yum bowl, .5, teaspoon, mustard powder
yum bowl,1, teaspoon,chili powder
pie crust,2,cups,flour
pie crust,2,tablespoons,sugar
pie crust,1,teaspoon,salt
pie crust,6,tablespoons,vegan butter
